schema_version,local_date,temperature_unit,row_count,first_time,last_time,max_temp,max_temp_bucket,min_temp,avg_temp,max_dewpoint,max_temp_c,max_temp_times,min_temp_c,avg_temp_c,max_dewpoint_c,max_wind_kmh,max_gust_kmh,max_temp_bucket_c,has_non_hourly_rows,non_hourly_count,max_on_hour_mark,condition_mode,cloud_mode
wu_daily_native_v1,2019-05-01,F,24,00:56,23:56,70.0,70,49.0,58.42,51.0,70.0,13:56|14:56,49.0,58.42,51.0,23.0,,70,True,24,False,Fair,FEW
wu_daily_native_v1,2019-05-02,F,24,00:56,23:56,71.0,71,50.0,58.38,51.0,71.0,12:56,50.0,58.38,51.0,22.0,,71,True,24,False,Fair,FEW
wu_daily_native_v1,2019-05-03,F,25,00:56,23:56,66.0,66,50.0,56.32,49.0,66.0,11:56|14:56,50.0,56.32,49.0,22.0,,66,True,25,False,Partly Cloudy,FEW
wu_daily_native_v1,2019-05-04,F,28,00:56,23:56,64.0,64,49.0,54.93,47.0,64.0,13:56,49.0,54.93,47.0,22.0,22.0,64,True,28,False,Partly Cloudy,FEW
wu_daily_native_v1,2019-05-05,F,26,00:56,23:56,62.0,62,50.0,55.62,47.0,62.0,13:56|14:56|15:56,50.0,55.62,47.0,22.0,28.0,62,True,26,False,Mostly Cloudy,BKN
wu_daily_native_v1,2019-05-06,F,24,00:56,23:56,61.0,61,54.0,56.67,50.0,61.0,15:56,54.0,56.67,50.0,17.0,24.0,61,True,24,False,Cloudy,OVC
wu_daily_native_v1,2019-05-07,F,25,00:56,23:56,64.0,64,52.0,57.48,50.0,64.0,13:56,52.0,57.48,50.0,16.0,16.0,64,True,25,False,Mostly Cloudy,BKN
wu_daily_native_v1,2019-05-08,F,13,11:56,23:56,67.0,67,55.0,60.08,52.0,67.0,14:56,55.0,60.08,52.0,20.0,,67,True,13,False,Partly Cloudy,FEW
wu_daily_native_v1,2019-05-09,F,25,00:56,23:56,66.0,66,55.0,58.96,51.0,66.0,14:56,55.0,58.96,51.0,16.0,,66,True,25,False,Mostly Cloudy,BKN
wu_daily_native_v1,2019-05-10,F,27,00:56,23:56,68.0,68,54.0,59.37,51.0,68.0,14:56|15:56,54.0,59.37,51.0,22.0,,68,True,27,False,Fair,FEW
wu_daily_native_v1,2019-05-11,F,28,00:56,23:56,65.0,65,54.0,58.18,50.0,65.0,12:56|13:56|14:56,54.0,58.18,50.0,24.0,,65,True,28,False,Mostly Cloudy,FEW
wu_daily_native_v1,2019-05-12,F,28,00:56,23:56,64.0,64,54.0,57.14,50.0,64.0,15:56,54.0,57.14,50.0,21.0,29.0,64,True,28,False,Mostly Cloudy,BKN
wu_daily_native_v1,2019-05-13,F,25,00:56,23:56,64.0,64,52.0,57.08,49.0,64.0,13:56|14:56,52.0,57.08,49.0,24.0,30.0,64,True,25,False,Mostly Cloudy,BKN
wu_daily_native_v1,2019-05-14,F,24,00:56,23:56,63.0,63,55.0,59.04,50.0,63.0,11:56|12:56|13:56,55.0,59.04,50.0,15.0,17.0,63,True,24,False,Cloudy,OVC
wu_daily_native_v1,2019-05-15,F,26,00:56,23:56,64.0,64,54.0,59.5,56.0,64.0,13:56|14:56|15:56,54.0,59.5,56.0,26.0,37.0,64,True,25,False,Cloudy,OVC
wu_daily_native_v1,2019-05-16,F,28,00:56,23:56,59.0,59,54.0,55.57,49.0,59.0,15:56,54.0,55.57,49.0,24.0,32.0,59,True,28,False,Mostly Cloudy,BKN
wu_daily_native_v1,2019-05-17,F,24,00:56,23:56,63.0,63,52.0,57.04,46.0,63.0,15:56,52.0,57.04,46.0,22.0,24.0,63,True,24,False,Mostly Cloudy,BKN
wu_daily_native_v1,2019-05-18,F,29,00:56,23:56,56.0,56,51.0,54.1,52.0,56.0,08:56|10:56|11:56|14:56,51.0,54.1,52.0,25.0,33.0,56,True,29,False,Light Rain,OVC
wu_daily_native_v1,2019-05-19,F,25,00:36,23:56,60.0,60,50.0,55.84,52.0,60.0,12:56|14:56,50.0,55.84,52.0,15.0,20.0,60,True,25,False,Mostly Cloudy,BKN
wu_daily_native_v1,2019-05-20,F,25,00:56,23:56,62.0,62,50.0,55.96,49.0,62.0,13:56|14:56|15:56,50.0,55.96,49.0,17.0,22.0,62,True,25,False,Mostly Cloudy,BKN
wu_daily_native_v1,2019-05-21,F,28,00:56,23:56,60.0,60,53.0,56.04,51.0,60.0,12:56|13:56,53.0,56.04,51.0,26.0,36.0,60,True,28,False,Mostly Cloudy / Windy,BKN
wu_daily_native_v1,2019-05-22,F,27,00:56,23:56,66.0,66,52.0,58.22,52.0,66.0,14:56,52.0,58.22,52.0,23.0,29.0,66,True,27,False,Mostly Cloudy / Windy,BKN
wu_daily_native_v1,2019-05-23,F,25,00:56,23:56,70.0,70,53.0,60.4,54.0,70.0,13:56|14:56,53.0,60.4,54.0,13.0,,70,True,25,False,Fair,FEW
wu_daily_native_v1,2019-05-24,F,29,00:33,23:56,68.0,68,54.0,58.86,54.0,68.0,15:56,54.0,58.86,54.0,20.0,25.0,68,True,29,False,Mostly Cloudy,BKN
wu_daily_native_v1,2019-05-25,F,29,00:56,23:56,67.0,67,53.0,57.55,50.0,67.0,14:56,53.0,57.55,50.0,22.0,30.0,67,True,29,False,Mostly Cloudy,BKN
wu_daily_native_v1,2019-05-26,F,36,00:51,23:56,60.0,60,52.0,55.19,50.0,60.0,11:56|12:56,52.0,55.19,50.0,29.0,33.0,60,True,36,False,Mostly Cloudy,OVC
wu_daily_native_v1,2019-05-27,F,27,00:56,23:56,61.0,61,52.0,56.41,49.0,61.0,12:56|13:56|14:37|14:56|16:56,52.0,56.41,49.0,24.0,26.0,61,True,27,False,Mostly Cloudy,BKN
wu_daily_native_v1,2019-05-28,F,27,00:56,23:56,65.0,65,52.0,57.63,52.0,65.0,12:56|15:56,52.0,57.63,52.0,21.0,,65,True,27,False,Mostly Cloudy,BKN
wu_daily_native_v1,2019-05-29,F,27,00:56,23:56,67.0,67,53.0,57.56,52.0,67.0,11:56,53.0,57.56,52.0,29.0,36.0,67,True,27,False,Mostly Cloudy,BKN
wu_daily_native_v1,2019-05-30,F,24,00:56,23:56,61.0,61,52.0,55.46,50.0,61.0,12:56|13:56,52.0,55.46,50.0,21.0,28.0,61,True,24,False,Mostly Cloudy,BKN
wu_daily_native_v1,2019-05-31,F,25,00:56,23:56,66.0,66,53.0,57.48,53.0,66.0,12:56|13:56,53.0,57.48,53.0,23.0,,66,True,25,False,Partly Cloudy,SCT
wu_daily_native_v1,2019-06-01,F,26,00:56,23:56,73.0,73,53.0,59.42,56.0,73.0,13:56,53.0,59.42,56.0,21.0,26.0,73,True,26,False,Partly Cloudy,FEW
wu_daily_native_v1,2019-06-02,F,27,00:56,23:56,71.0,71,55.0,60.19,56.0,71.0,15:56,55.0,60.19,56.0,14.0,,71,True,27,False,Partly Cloudy,SCT
wu_daily_native_v1,2019-06-03,F,25,00:56,23:56,67.0,67,53.0,58.72,54.0,67.0,14:56|15:56,53.0,58.72,54.0,21.0,,67,True,25,False,Fair,FEW
wu_daily_native_v1,2019-06-04,F,24,00:56,23:56,79.0,79,52.0,63.0,58.0,79.0,14:56,52.0,63.0,58.0,20.0,,79,True,24,False,Fair,FEW
wu_daily_native_v1,2019-06-05,F,24,00:56,23:56,70.0,70,55.0,61.96,54.0,70.0,10:56|11:56|12:56|14:56,55.0,61.96,54.0,24.0,32.0,70,True,24,False,Fair,SCT
wu_daily_native_v1,2019-06-06,F,26,00:56,23:56,63.0,63,52.0,57.0,51.0,63.0,13:56|14:56,52.0,57.0,51.0,32.0,43.0,63,True,26,False,Fair / Windy,FEW
wu_daily_native_v1,2019-06-07,F,24,00:56,23:56,68.0,68,50.0,58.96,47.0,68.0,14:56,50.0,58.96,47.0,26.0,,68,True,24,False,Fair / Windy,CLR
wu_daily_native_v1,2019-06-08,F,25,00:56,23:56,79.0,79,54.0,68.4,48.0,79.0,12:45|12:56|13:56|14:56|15:56|16:56,54.0,68.4,48.0,17.0,,79,True,25,False,Partly Cloudy,SCT
wu_daily_native_v1,2019-06-09,F,24,00:56,23:56,89.0,89,61.0,75.17,53.0,89.0,14:56,61.0,75.17,53.0,17.0,,89,True,24,False,Mostly Cloudy,BKN
wu_daily_native_v1,2019-06-10,F,24,00:56,23:56,97.0,97,67.0,78.96,64.0,97.0,15:56,67.0,78.96,64.0,18.0,,97,True,24,False,Mostly Cloudy,BKN
wu_daily_native_v1,2019-06-11,F,24,00:56,23:56,96.0,96,70.0,78.33,64.0,96.0,14:56|15:56,70.0,78.33,64.0,21.0,,96,True,24,False,Mostly Cloudy,BKN
wu_daily_native_v1,2019-06-12,F,24,00:56,23:56,84.0,84,58.0,71.92,62.0,84.0,13:56|14:56,58.0,71.92,62.0,18.0,,84,True,24,False,Partly Cloudy,BKN
wu_daily_native_v1,2019-06-13,F,26,00:56,23:56,73.0,73,55.0,62.31,56.0,73.0,13:56|14:56,55.0,62.31,56.0,23.0,26.0,73,True,26,False,Partly Cloudy,SCT
wu_daily_native_v1,2019-06-14,F,31,00:08,23:56,67.0,67,55.0,58.23,52.0,67.0,11:56|12:56|13:56|14:56,55.0,58.23,52.0,25.0,26.0,67,True,31,False,Mostly Cloudy,BKN
wu_daily_native_v1,2019-06-15,F,26,00:56,23:56,62.0,62,54.0,56.77,51.0,62.0,14:56,54.0,56.77,51.0,18.0,,62,True,26,False,Cloudy,BKN
wu_daily_native_v1,2019-06-16,F,28,00:44,23:56,66.0,66,54.0,58.21,52.0,66.0,15:56,54.0,58.21,52.0,23.0,,66,True,28,False,Cloudy,OVC
wu_daily_native_v1,2019-06-17,F,25,00:56,23:56,74.0,74,55.0,62.12,57.0,74.0,14:56,55.0,62.12,57.0,17.0,,74,True,25,False,Fair,FEW
wu_daily_native_v1,2019-06-18,F,29,00:56,23:56,70.0,70,57.0,62.48,57.0,70.0,12:56,57.0,62.48,57.0,23.0,26.0,70,True,29,False,Fair,FEW
wu_daily_native_v1,2019-06-19,F,28,00:56,23:56,72.0,72,58.0,62.89,58.0,72.0,14:56,58.0,62.89,58.0,22.0,,72,True,28,False,Fair,FEW
wu_daily_native_v1,2019-06-20,F,24,00:56,23:56,74.0,74,58.0,63.12,56.0,74.0,15:56,58.0,63.12,56.0,15.0,18.0,74,True,24,False,Fair,FEW
wu_daily_native_v1,2019-06-21,F,26,00:56,23:56,70.0,70,55.0,61.65,55.0,70.0,12:56|14:56,55.0,61.65,55.0,22.0,,70,True,26,False,Fair,FEW
wu_daily_native_v1,2019-06-22,F,24,00:56,23:56,79.0,79,54.0,64.79,57.0,79.0,12:56|14:56,54.0,64.79,57.0,21.0,,79,True,24,False,Fair,FEW
wu_daily_native_v1,2019-06-23,F,24,00:56,23:56,78.0,78,55.0,64.79,59.0,78.0,13:56,55.0,64.79,59.0,25.0,,78,True,24,False,Fair,FEW
wu_daily_native_v1,2019-06-24,F,24,00:56,23:56,72.0,72,55.0,62.5,58.0,72.0,12:56|13:56,55.0,62.5,58.0,21.0,,72,True,24,False,Mostly Cloudy,BKN
wu_daily_native_v1,2019-06-25,F,24,00:56,23:56,72.0,72,56.0,63.33,52.0,72.0,12:56|13:56,56.0,63.33,52.0,22.0,36.0,72,True,24,False,Fair,FEW
wu_daily_native_v1,2019-06-26,F,29,00:56,23:56,69.0,69,56.0,61.97,55.0,69.0,12:56,56.0,61.97,55.0,21.0,24.0,69,True,29,False,Mostly Cloudy,BKN
wu_daily_native_v1,2019-06-27,F,25,00:56,23:56,69.0,69,58.0,62.32,52.0,69.0,12:56|13:56|14:56|15:56,58.0,62.32,52.0,24.0,35.0,69,True,25,False,Mostly Cloudy,BKN
wu_daily_native_v1,2019-06-28,F,27,00:56,23:56,69.0,69,56.0,61.67,51.0,69.0,14:56,56.0,61.67,51.0,28.0,31.0,69,True,27,False,Cloudy,BKN
wu_daily_native_v1,2019-06-29,F,24,00:56,23:56,67.0,67,53.0,60.75,50.0,67.0,11:56|14:56|15:56|16:56,53.0,60.75,50.0,24.0,,67,True,24,False,Partly Cloudy,FEW
wu_daily_native_v1,2019-06-30,F,25,00:56,23:56,68.0,68,55.0,60.96,52.0,68.0,12:56,55.0,60.96,52.0,21.0,21.0,68,True,25,False,Fair,FEW
wu_daily_native_v1,2020-05-01,F,26,00:56,23:56,68.0,68,52.0,58.65,52.0,68.0,13:56|14:56,52.0,58.65,52.0,24.0,29.0,68,True,26,False,Mostly Cloudy,BKN
wu_daily_native_v1,2020-05-02,F,29,00:56,23:56,69.0,69,54.0,59.9,55.0,69.0,13:56,54.0,59.9,55.0,17.0,22.0,69,True,29,False,Mostly Cloudy,BKN
wu_daily_native_v1,2020-05-03,F,26,00:56,23:56,64.0,64,50.0,56.54,48.0,64.0,13:56,50.0,56.54,48.0,24.0,25.0,64,True,25,False,Fair,FEW
wu_daily_native_v1,2020-05-04,F,25,00:56,23:56,67.0,67,47.0,57.96,49.0,67.0,13:56|16:56|17:56,47.0,57.96,49.0,28.0,25.0,67,True,25,False,Fair,CLR
wu_daily_native_v1,2020-05-05,F,27,00:56,23:56,67.0,67,52.0,58.15,53.0,67.0,12:56|13:56|14:56,52.0,58.15,53.0,28.0,37.0,67,True,27,False,Fair,BKN
wu_daily_native_v1,2020-05-06,F,24,00:56,23:56,72.0,72,52.0,60.67,49.0,72.0,12:56,52.0,60.67,49.0,31.0,22.0,72,True,24,False,Fair,FEW
wu_daily_native_v1,2020-05-07,F,24,00:56,23:56,83.0,83,52.0,62.67,55.0,83.0,13:56,52.0,62.67,55.0,23.0,,83,True,24,False,Fair,FEW
wu_daily_native_v1,2020-05-08,F,24,00:56,23:56,82.0,82,52.0,60.25,58.0,82.0,13:56,52.0,60.25,58.0,23.0,,82,True,24,False,Partly Cloudy,BKN
wu_daily_native_v1,2020-05-09,F,24,00:56,23:56,65.0,65,50.0,56.17,52.0,65.0,13:56,50.0,56.17,52.0,25.0,25.0,65,True,24,False,Fair,FEW
wu_daily_native_v1,2020-05-10,F,28,00:20,23:56,69.0,69,51.0,58.79,50.0,69.0,15:56,51.0,58.79,50.0,18.0,,69,True,28,False,Mostly Cloudy,BKN
wu_daily_native_v1,2020-05-11,F,27,00:56,23:56,70.0,70,55.0,59.59,53.0,70.0,10:56|11:56,55.0,59.59,53.0,29.0,39.0,70,True,27,False,Mostly Cloudy,BKN
wu_daily_native_v1,2020-05-12,F,27,00:56,23:56,64.0,64,55.0,58.81,53.0,64.0,10:56|13:56|14:56,55.0,58.81,53.0,18.0,24.0,64,True,27,False,Mostly Cloudy,BKN
wu_daily_native_v1,2020-05-13,F,26,00:56,23:56,65.0,65,52.0,59.5,53.0,65.0,11:56|12:56|13:56|14:56|16:38,52.0,59.5,53.0,18.0,23.0,65,True,26,False,Mostly Cloudy,BKN
wu_daily_native_v1,2020-05-14,F,27,00:56,23:56,67.0,67,56.0,61.22,55.0,67.0,13:56|15:56|16:56,56.0,61.22,55.0,16.0,18.0,67,True,27,False,Mostly Cloudy,BKN
wu_daily_native_v1,2020-05-15,F,32,00:08,23:56,67.0,67,55.0,59.38,55.0,67.0,13:56,55.0,59.38,55.0,25.0,32.0,67,True,32,False,Mostly Cloudy,BKN
wu_daily_native_v1,2020-05-16,F,25,00:56,23:56,72.0,72,55.0,63.0,56.0,72.0,13:56|14:56,55.0,63.0,56.0,18.0,24.0,72,True,25,False,Mostly Cloudy,BKN
wu_daily_native_v1,2020-05-17,F,40,00:47,23:56,73.0,73,58.0,62.75,60.0,73.0,12:56,58.0,62.75,60.0,26.0,35.0,73,True,40,False,Light Rain,OVC
wu_daily_native_v1,2020-05-18,F,32,00:56,23:56,65.0,65,55.0,58.88,53.0,65.0,13:56|14:56,55.0,58.88,53.0,18.0,23.0,65,True,32,False,Mostly Cloudy,BKN
wu_daily_native_v1,2020-05-19,F,28,00:56,23:56,65.0,65,54.0,59.5,52.0,65.0,10:56|15:56,54.0,59.5,52.0,28.0,37.0,65,True,28,False,Mostly Cloudy,BKN
wu_daily_native_v1,2020-05-20,F,24,00:56,23:56,67.0,67,55.0,58.75,51.0,67.0,13:56|14:56,55.0,58.75,51.0,25.0,29.0,67,True,24,False,Cloudy,FEW
wu_daily_native_v1,2020-05-21,F,25,00:56,23:56,68.0,68,52.0,59.48,54.0,68.0,12:30|12:56|13:56,52.0,59.48,54.0,29.0,37.0,68,True,25,False,Fair,FEW
wu_daily_native_v1,2020-05-22,F,24,00:56,23:56,66.0,66,52.0,58.21,47.0,66.0,12:56|13:56|14:56,52.0,58.21,47.0,28.0,40.0,66,True,24,False,Mostly Cloudy / Windy,BKN
wu_daily_native_v1,2020-05-23,F,25,00:56,23:56,73.0,73,50.0,59.72,53.0,73.0,13:56,50.0,59.72,53.0,28.0,35.0,73,True,25,False,Fair,FEW
wu_daily_native_v1,2020-05-24,F,24,00:56,23:56,79.0,79,52.0,61.96,57.0,79.0,13:56,52.0,61.96,57.0,25.0,,79,True,24,False,Fair,FEW
wu_daily_native_v1,2020-05-25,F,24,00:56,23:56,85.0,85,56.0,67.25,61.0,85.0,14:56|15:56,56.0,67.25,61.0,18.0,,85,True,24,False,Fair,CLR
wu_daily_native_v1,2020-05-26,F,25,00:56,23:56,88.0,88,56.0,71.36,63.0,88.0,13:48,56.0,71.36,63.0,21.0,,88,True,25,False,Fair,CLR
wu_daily_native_v1,2020-05-27,F,24,00:56,23:56,77.0,77,55.0,65.08,56.0,77.0,11:56,55.0,65.08,56.0,26.0,,77,True,24,False,Fair,FEW
wu_daily_native_v1,2020-05-28,F,24,00:56,23:56,66.0,66,52.0,58.79,53.0,66.0,11:56|15:56,52.0,58.79,53.0,26.0,,66,True,24,False,Fair,FEW
wu_daily_native_v1,2020-05-29,F,31,00:51,23:56,70.0,70,55.0,61.23,56.0,70.0,13:56|15:56,55.0,61.23,56.0,30.0,38.0,70,True,31,False,Mostly Cloudy,BKN
wu_daily_native_v1,2020-05-30,F,24,00:56,23:56,71.0,71,58.0,64.58,57.0,71.0,12:56,58.0,64.58,57.0,18.0,,71,True,24,False,Mostly Cloudy,BKN
wu_daily_native_v1,2020-05-31,F,27,00:51,23:56,66.0,66,55.0,60.48,52.0,66.0,11:56|13:56|14:56|16:56|17:56,55.0,60.48,52.0,16.0,23.0,66,True,27,False,Mostly Cloudy,BKN
wu_daily_native_v1,2020-06-01,F,25,00:56,23:56,71.0,71,55.0,61.72,52.0,71.0,12:56|14:56,55.0,61.72,52.0,22.0,,71,True,25,False,Partly Cloudy,SCT
wu_daily_native_v1,2020-06-02,F,24,00:56,23:56,85.0,85,57.0,68.71,61.0,85.0,13:56,57.0,68.71,61.0,23.0,,85,True,24,False,Fair,FEW
wu_daily_native_v1,2020-06-03,F,25,00:56,23:56,83.0,83,58.0,68.84,62.0,83.0,13:32,58.0,68.84,62.0,25.0,,83,True,25,False,Fair,FEW
wu_daily_native_v1,2020-06-04,F,24,00:56,23:56,79.0,79,55.0,64.88,59.0,79.0,11:56,55.0,64.88,59.0,28.0,,79,True,24,False,Fair,FEW
wu_daily_native_v1,2020-06-05,F,27,00:56,23:56,63.0,63,55.0,58.44,50.0,63.0,14:56|15:56|16:56,55.0,58.44,50.0,32.0,45.0,63,True,27,False,Mostly Cloudy,BKN
wu_daily_native_v1,2020-06-06,F,28,00:56,23:56,64.0,64,55.0,58.64,49.0,64.0,13:56|14:56|15:56|16:56,55.0,58.64,49.0,30.0,38.0,64,True,28,False,Mostly Cloudy,BKN
wu_daily_native_v1,2020-06-07,F,24,00:56,23:56,65.0,65,52.0,58.58,48.0,65.0,11:56|12:56|13:56,52.0,58.58,48.0,36.0,45.0,65,True,24,False,Fair / Windy,FEW
wu_daily_native_v1,2020-06-08,F,25,00:56,23:56,73.0,73,52.0,62.04,46.0,73.0,11:56,52.0,62.04,46.0,25.0,29.0,73,True,25,False,Fair,FEW
wu_daily_native_v1,2020-06-09,F,24,00:56,23:56,81.0,81,53.0,64.25,52.0,81.0,13:56,53.0,64.25,52.0,26.0,21.0,81,True,24,False,Fair,CLR
wu_daily_native_v1,2020-06-10,F,25,00:56,23:56,75.0,75,55.0,62.76,56.0,75.0,12:56,55.0,62.76,56.0,28.0,33.0,75,True,25,False,Fair,FEW
wu_daily_native_v1,2020-06-11,F,28,00:56,23:56,77.0,77,55.0,62.68,56.0,77.0,13:56,55.0,62.68,56.0,28.0,33.0,77,True,28,False,Mostly Cloudy,BKN
wu_daily_native_v1,2020-06-12,F,35,00:56,23:56,67.0,67,56.0,60.14,53.0,67.0,13:56|14:56,56.0,60.14,53.0,26.0,33.0,67,True,35,False,Mostly Cloudy,BKN
wu_daily_native_v1,2020-06-13,F,25,00:56,23:56,67.0,67,56.0,61.24,51.0,67.0,12:56|14:56|15:56|16:56,56.0,61.24,51.0,24.0,32.0,67,True,25,False,Mostly Cloudy,FEW
wu_daily_native_v1,2020-06-14,F,30,00:16,23:56,69.0,69,58.0,61.97,58.0,69.0,12:56,58.0,61.97,58.0,26.0,26.0,69,True,30,False,Cloudy,BKN
wu_daily_native_v1,2020-06-15,F,24,00:56,23:56,70.0,70,56.0,61.62,55.0,70.0,12:56,56.0,61.62,55.0,30.0,38.0,70,True,24,False,Fair,BKN
wu_daily_native_v1,2020-06-16,F,24,00:56,23:56,68.0,68,54.0,60.21,51.0,68.0,12:56|13:56,54.0,60.21,51.0,32.0,38.0,68,True,24,False,Fair / Windy,FEW
wu_daily_native_v1,2020-06-17,F,24,00:56,23:56,82.0,82,55.0,66.79,52.0,82.0,12:56,55.0,66.79,52.0,26.0,,82,True,24,False,Fair,CLR
wu_daily_native_v1,2020-06-18,F,24,00:56,23:56,83.0,83,55.0,67.79,60.0,83.0,13:56,55.0,67.79,60.0,20.0,,83,True,24,False,Fair,FEW
wu_daily_native_v1,2020-06-19,F,24,00:56,23:56,73.0,73,55.0,61.79,56.0,73.0,13:56,55.0,61.79,56.0,22.0,,73,True,24,False,Fair,FEW
wu_daily_native_v1,2020-06-20,F,30,00:56,23:56,73.0,73,55.0,60.6,55.0,73.0,13:56,55.0,60.6,55.0,24.0,32.0,73,True,30,False,Partly Cloudy,SCT
wu_daily_native_v1,2020-06-21,F,26,00:56,23:56,68.0,68,56.0,61.62,55.0,68.0,15:56,56.0,61.62,55.0,29.0,38.0,68,True,26,False,Partly Cloudy,SCT
wu_daily_native_v1,2020-06-22,F,25,00:56,23:56,76.0,76,55.0,63.2,57.0,76.0,13:56,55.0,63.2,57.0,20.0,,76,True,25,False,Fair,FEW
wu_daily_native_v1,2020-06-23,F,27,00:56,23:56,72.0,72,58.0,63.15,59.0,72.0,13:56,58.0,63.15,59.0,18.0,,72,True,27,False,Fair,FEW
wu_daily_native_v1,2020-06-24,F,26,00:56,23:56,73.0,73,58.0,63.12,58.0,73.0,13:56,58.0,63.12,58.0,24.0,,73,True,26,False,Fair,FEW
wu_daily_native_v1,2020-06-25,F,26,00:56,23:56,70.0,70,55.0,61.92,57.0,70.0,12:56|14:56,55.0,61.92,57.0,18.0,,70,True,26,False,Fair,FEW
wu_daily_native_v1,2020-06-26,F,25,00:56,23:56,71.0,71,58.0,62.88,58.0,71.0,12:56,58.0,62.88,58.0,25.0,29.0,71,True,25,False,Fair,FEW
wu_daily_native_v1,2020-06-27,F,27,00:56,23:56,72.0,72,58.0,62.48,58.0,72.0,13:56,58.0,62.48,58.0,21.0,,72,True,27,False,Mostly Cloudy,BKN
wu_daily_native_v1,2020-06-28,F,29,00:56,23:56,66.0,66,55.0,59.38,49.0,66.0,14:56,55.0,59.38,49.0,33.0,41.0,66,True,29,False,Mostly Cloudy,FEW
wu_daily_native_v1,2020-06-29,F,24,00:56,23:56,76.0,76,55.0,63.88,53.0,76.0,14:56|15:56,55.0,63.88,53.0,21.0,,76,True,24,False,Fair,CLR
wu_daily_native_v1,2020-06-30,F,24,00:56,23:56,76.0,76,55.0,62.5,57.0,76.0,13:56|14:56,55.0,62.5,57.0,28.0,,76,True,24,False,Fair,FEW
wu_daily_native_v1,2021-05-01,F,29,00:56,23:56,60.0,60,53.0,55.55,51.0,60.0,12:56,53.0,55.55,51.0,38.0,48.0,60,True,29,False,Mostly Cloudy,BKN
wu_daily_native_v1,2021-05-02,F,24,00:56,23:56,65.0,65,52.0,57.58,48.0,65.0,11:56|12:56|13:56|15:56,52.0,57.58,48.0,37.0,46.0,65,True,24,False,Fair,FEW
wu_daily_native_v1,2021-05-03,F,25,00:56,23:56,76.0,76,50.0,61.84,52.0,76.0,11:56,50.0,61.84,52.0,24.0,,76,True,25,False,Fair,CLR
wu_daily_native_v1,2021-05-04,F,24,00:56,23:56,71.0,71,54.0,60.92,53.0,71.0,10:56,54.0,60.92,53.0,29.0,33.0,71,True,24,False,Fair,CLR
wu_daily_native_v1,2021-05-05,F,24,00:56,23:56,69.0,69,52.0,57.25,50.0,69.0,11:56,52.0,57.25,50.0,33.0,31.0,69,True,24,False,Fair,FEW
wu_daily_native_v1,2021-05-06,F,27,00:56,23:56,61.0,61,50.0,55.3,51.0,61.0,12:56|13:56|14:56|15:56,50.0,55.3,51.0,30.0,36.0,61,True,27,False,Partly Cloudy,BKN
wu_daily_native_v1,2021-05-07,F,27,00:10,23:56,65.0,65,52.0,56.89,47.0,65.0,13:56,52.0,56.89,47.0,31.0,39.0,65,True,27,False,Fair / Windy,FEW
wu_daily_native_v1,2021-05-08,F,24,00:56,23:56,78.0,78,51.0,63.08,48.0,78.0,11:56,51.0,63.08,48.0,26.0,35.0,78,True,24,False,Fair,CLR
wu_daily_native_v1,2021-05-09,F,25,00:56,23:56,75.0,75,54.0,61.52,47.0,75.0,13:56,54.0,61.52,47.0,29.0,37.0,75,True,25,False,Fair,FEW
wu_daily_native_v1,2021-05-10,F,24,00:56,23:56,83.0,83,52.0,63.83,52.0,83.0,14:56,52.0,63.83,52.0,26.0,32.0,83,True,24,False,Fair,CLR
wu_daily_native_v1,2021-05-11,F,24,00:56,23:56,70.0,70,51.0,59.38,52.0,70.0,12:56|13:56|14:56,51.0,59.38,52.0,23.0,,70,True,24,False,Fair,FEW
wu_daily_native_v1,2021-05-12,F,26,00:56,23:56,67.0,67,50.0,56.62,52.0,67.0,12:56,50.0,56.62,52.0,23.0,,67,True,26,False,Fair,FEW
wu_daily_native_v1,2021-05-13,F,26,00:56,23:56,67.0,67,52.0,56.54,49.0,67.0,12:56,52.0,56.54,49.0,23.0,23.0,67,True,26,False,Mostly Cloudy,BKN
wu_daily_native_v1,2021-05-14,F,29,00:56,23:56,60.0,60,53.0,54.97,47.0,60.0,15:56|16:56,53.0,54.97,47.0,31.0,40.0,60,True,29,False,Cloudy,OVC
wu_daily_native_v1,2021-05-15,F,25,00:56,23:56,64.0,64,52.0,56.12,49.0,64.0,16:56,52.0,56.12,49.0,24.0,31.0,64,True,25,False,Cloudy,OVC
wu_daily_native_v1,2021-05-16,F,25,00:30,23:56,66.0,66,53.0,57.96,48.0,66.0,13:56|14:56,53.0,57.96,48.0,17.0,23.0,66,True,25,False,Partly Cloudy,SCT
wu_daily_native_v1,2021-05-17,F,29,00:56,23:56,61.0,61,54.0,57.03,48.0,61.0,11:03|11:26|12:56|13:56,54.0,57.03,48.0,24.0,35.0,61,True,29,False,Mostly Cloudy,BKN
wu_daily_native_v1,2021-05-18,F,28,00:56,23:56,68.0,68,54.0,57.96,48.0,68.0,13:56,54.0,57.96,48.0,32.0,40.0,68,True,28,False,Fair,FEW
wu_daily_native_v1,2021-05-19,F,24,00:56,23:56,62.0,62,52.0,56.08,44.0,62.0,13:56,52.0,56.08,44.0,45.0,56.0,62,True,24,False,Fair / Windy,FEW
wu_daily_native_v1,2021-05-20,F,24,00:56,23:56,63.0,63,50.0,56.21,44.0,63.0,11:56|13:56|14:56,50.0,56.21,44.0,33.0,41.0,63,True,24,False,Fair / Windy,FEW
wu_daily_native_v1,2021-05-21,F,24,00:56,23:56,64.0,64,51.0,56.67,45.0,64.0,13:56,51.0,56.67,45.0,29.0,39.0,64,True,24,False,Fair,FEW
wu_daily_native_v1,2021-05-22,F,28,00:56,23:56,70.0,70,50.0,57.21,50.0,70.0,12:56,50.0,57.21,50.0,23.0,,70,True,28,False,Fair,FEW
wu_daily_native_v1,2021-05-23,F,30,00:56,23:56,64.0,64,54.0,56.73,48.0,64.0,13:56|14:56,54.0,56.73,48.0,24.0,30.0,64,True,30,False,Mostly Cloudy,BKN
wu_daily_native_v1,2021-05-24,F,29,00:25,23:56,64.0,64,52.0,56.9,51.0,64.0,16:56|17:56,52.0,56.9,51.0,32.0,41.0,64,True,29,False,Mostly Cloudy,BKN
wu_daily_native_v1,2021-05-25,F,32,00:56,23:56,64.0,64,54.0,58.41,52.0,64.0,15:56,54.0,58.41,52.0,32.0,38.0,64,True,32,False,Mostly Cloudy,BKN
wu_daily_native_v1,2021-05-26,F,25,00:56,23:56,65.0,65,52.0,57.48,48.0,65.0,10:56|11:56|12:56,52.0,57.48,48.0,28.0,36.0,65,True,25,False,Fair,FEW
wu_daily_native_v1,2021-05-27,F,24,00:56,23:56,67.0,67,53.0,60.0,54.0,67.0,13:56|14:56,53.0,60.0,54.0,32.0,46.0,67,True,24,False,Fair,FEW
wu_daily_native_v1,2021-05-28,F,27,00:56,23:56,67.0,67,55.0,58.89,50.0,67.0,14:56,55.0,58.89,50.0,22.0,33.0,67,True,27,False,Mostly Cloudy,BKN
wu_daily_native_v1,2021-05-29,F,25,00:56,23:56,60.0,60,54.0,55.88,48.0,60.0,13:56|14:56,54.0,55.88,48.0,22.0,29.0,60,True,25,False,Cloudy,OVC
wu_daily_native_v1,2021-05-30,F,26,00:56,23:56,72.0,72,53.0,60.35,53.0,72.0,13:31,53.0,60.35,53.0,25.0,28.0,72,True,26,False,Fair,FEW
wu_daily_native_v1,2021-05-31,F,24,00:56,23:56,75.0,75,55.0,63.92,56.0,75.0,12:56|15:56,55.0,63.92,56.0,21.0,,75,True,24,False,Fair,FEW
wu_daily_native_v1,2021-06-01,F,25,00:56,23:56,71.0,71,54.0,60.68,55.0,71.0,13:56,54.0,60.68,55.0,24.0,26.0,71,True,25,False,Partly Cloudy,FEW
wu_daily_native_v1,2021-06-02,F,28,00:56,23:56,67.0,67,53.0,58.61,51.0,67.0,13:56,53.0,58.61,51.0,25.0,29.0,67,True,28,False,Partly Cloudy,SCT
wu_daily_native_v1,2021-06-03,F,24,00:56,23:56,71.0,71,55.0,61.67,52.0,71.0,13:56,55.0,61.67,52.0,24.0,23.0,71,True,24,False,Fair,FEW
wu_daily_native_v1,2021-06-04,F,30,00:08,23:56,66.0,66,56.0,60.03,51.0,66.0,13:56|14:56,56.0,60.03,51.0,23.0,30.0,66,True,30,False,Mostly Cloudy,BKN
wu_daily_native_v1,2021-06-05,F,25,00:56,23:56,73.0,73,56.0,63.52,50.0,73.0,11:56|13:56,56.0,63.52,50.0,22.0,,73,True,25,False,Fair,CLR
wu_daily_native_v1,2021-06-06,F,25,00:56,23:56,72.0,72,56.0,62.12,50.0,72.0,12:26,56.0,62.12,50.0,37.0,46.0,72,True,25,False,Fair,FEW
wu_daily_native_v1,2021-06-07,F,24,00:56,23:56,65.0,65,55.0,59.58,48.0,65.0,13:56|14:56,55.0,59.58,48.0,33.0,43.0,65,True,24,False,Fair / Windy,FEW
wu_daily_native_v1,2021-06-08,F,27,00:32,23:56,66.0,66,56.0,59.7,49.0,66.0,14:56|15:56,56.0,59.7,49.0,24.0,29.0,66,True,27,False,Mostly Cloudy,BKN
wu_daily_native_v1,2021-06-09,F,31,00:09,23:56,66.0,66,55.0,59.23,49.0,66.0,11:56|12:56|13:56,55.0,59.23,49.0,22.0,31.0,66,True,31,False,Partly Cloudy,BKN
wu_daily_native_v1,2021-06-10,F,26,00:56,23:56,68.0,68,55.0,60.35,49.0,68.0,13:56|14:56,55.0,60.35,49.0,29.0,36.0,68,True,26,False,Fair,SCT
wu_daily_native_v1,2021-06-11,F,24,00:56,23:56,72.0,72,56.0,64.12,55.0,72.0,13:56|14:56|16:56,56.0,64.12,55.0,18.0,25.0,72,True,24,False,Partly Cloudy,SCT
wu_daily_native_v1,2021-06-12,F,33,00:11,23:56,78.0,78,63.0,66.67,60.0,78.0,12:56,63.0,66.67,60.0,29.0,33.0,78,True,33,False,Cloudy,OVC
wu_daily_native_v1,2021-06-13,F,28,00:56,23:56,76.0,76,62.0,67.5,60.0,76.0,12:56|13:56|14:56,62.0,67.5,60.0,23.0,,76,True,28,False,Fair,FEW
wu_daily_native_v1,2021-06-14,F,31,00:21,23:56,73.0,73,60.0,65.74,61.0,73.0,13:56,60.0,65.74,61.0,30.0,39.0,73,True,31,False,Mostly Cloudy,BKN
wu_daily_native_v1,2021-06-15,F,32,00:12,23:56,73.0,73,57.0,64.5,53.0,73.0,12:56|12:59|13:00|13:08|13:56|15:56,57.0,64.5,53.0,28.0,36.0,73,True,31,True,Fair,FEW
wu_daily_native_v1,2021-06-16,F,24,00:56,23:56,85.0,85,58.0,69.33,57.0,85.0,11:56|12:56,58.0,69.33,57.0,30.0,36.0,85,True,24,False,Fair,BKN
wu_daily_native_v1,2021-06-17,F,24,00:56,23:56,88.0,88,62.0,70.54,60.0,88.0,12:56,62.0,70.54,60.0,28.0,35.0,88,True,24,False,Fair,FEW
wu_daily_native_v1,2021-06-18,F,24,00:56,23:56,83.0,83,60.0,69.12,56.0,83.0,12:56,60.0,69.12,56.0,21.0,,83,True,24,False,Fair,CLR
wu_daily_native_v1,2021-06-19,F,24,00:56,23:56,77.0,77,60.0,66.17,57.0,77.0,13:56|14:56,60.0,66.17,57.0,18.0,,77,True,24,False,Fair,FEW
wu_daily_native_v1,2021-06-20,F,26,00:56,23:56,75.0,75,58.0,64.96,56.0,75.0,14:56,58.0,64.96,56.0,23.0,,75,True,26,False,Fair,FEW
wu_daily_native_v1,2021-06-21,F,26,00:56,23:56,74.0,74,60.0,66.12,55.0,74.0,13:56|15:56|17:56,60.0,66.12,55.0,15.0,20.0,74,True,26,False,Fair,FEW
wu_daily_native_v1,2021-06-22,F,27,00:56,23:56,76.0,76,64.0,67.96,55.0,76.0,13:56,64.0,67.96,55.0,24.0,32.0,76,True,27,False,Mostly Cloudy,FEW
wu_daily_native_v1,2021-06-23,F,28,00:32,23:56,73.0,73,63.0,67.46,57.0,73.0,10:56|14:09|14:56,63.0,67.46,57.0,20.0,28.0,73,True,28,False,Mostly Cloudy,BKN
wu_daily_native_v1,2021-06-24,F,27,00:56,23:56,73.0,73,61.0,65.81,54.0,73.0,12:03|12:56,61.0,65.81,54.0,24.0,20.0,73,True,27,False,Fair,FEW
wu_daily_native_v1,2021-06-25,F,29,00:33,23:56,70.0,70,59.0,62.52,54.0,70.0,13:56|14:56,59.0,62.52,54.0,26.0,31.0,70,True,29,False,Mostly Cloudy,BKN
wu_daily_native_v1,2021-06-26,F,27,00:56,23:56,69.0,69,59.0,63.04,54.0,69.0,12:56|13:56|14:56,59.0,63.04,54.0,24.0,29.0,69,True,27,False,Mostly Cloudy,BKN
wu_daily_native_v1,2021-06-27,F,26,00:56,23:56,70.0,70,60.0,63.23,55.0,70.0,13:56,60.0,63.23,55.0,22.0,28.0,70,True,26,False,Mostly Cloudy,BKN
wu_daily_native_v1,2021-06-28,F,26,00:56,23:56,68.0,68,59.0,62.88,55.0,68.0,12:01|12:56|13:56|14:56,59.0,62.88,55.0,25.0,30.0,68,True,26,False,Mostly Cloudy,BKN
wu_daily_native_v1,2021-06-29,F,30,00:27,23:56,71.0,71,59.0,64.1,55.0,71.0,15:56|16:56,59.0,64.1,55.0,23.0,32.0,71,True,30,False,Mostly Cloudy,BKN
wu_daily_native_v1,2021-06-30,F,30,00:56,23:56,72.0,72,60.0,64.6,56.0,72.0,13:56,60.0,64.6,56.0,23.0,30.0,72,True,30,False,Mostly Cloudy,BKN
wu_daily_native_v1,2022-05-01,F,24,00:56,23:56,64.0,64,50.0,56.21,47.0,64.0,12:56|13:56|14:56|15:56,50.0,56.21,47.0,28.0,37.0,64,True,24,False,Fair,FEW
wu_daily_native_v1,2022-05-02,F,28,00:56,23:56,61.0,61,51.0,55.32,49.0,61.0,10:56|11:01|11:56|13:56|14:56,51.0,55.32,49.0,35.0,45.0,61,True,28,False,Mostly Cloudy / Windy,BKN
wu_daily_native_v1,2022-05-03,F,25,00:56,23:56,71.0,71,49.0,59.32,45.0,71.0,12:38,49.0,59.32,45.0,24.0,30.0,71,True,25,False,Fair,CLR
wu_daily_native_v1,2022-05-04,F,20,00:56,23:56,72.0,72,50.0,56.85,49.0,72.0,13:03,50.0,56.85,49.0,25.0,33.0,72,True,20,False,Fair,FEW
wu_daily_native_v1,2022-05-05,F,29,00:56,23:56,65.0,65,50.0,57.14,53.0,65.0,10:56,50.0,57.14,53.0,21.0,,65,True,29,False,Mostly Cloudy,BKN
wu_daily_native_v1,2022-05-06,F,30,00:56,23:56,70.0,70,57.0,61.6,55.0,70.0,12:56,57.0,61.6,55.0,20.0,24.0,70,True,30,False,Mostly Cloudy,BKN
wu_daily_native_v1,2022-05-07,F,28,00:16,23:56,62.0,62,52.0,56.96,52.0,62.0,12:56|13:56|14:56|15:56,52.0,56.96,52.0,36.0,58.0,62,True,27,False,Mostly Cloudy,BKN
wu_daily_native_v1,2022-05-08,F,27,00:56,23:56,60.0,60,50.0,54.56,42.0,60.0,13:56,50.0,54.56,42.0,30.0,49.0,60,True,27,False,Fair,SCT
wu_daily_native_v1,2022-05-09,F,24,00:56,23:56,60.0,60,49.0,53.92,41.0,60.0,13:56,49.0,53.92,41.0,22.0,31.0,60,True,24,False,Partly Cloudy,SCT
wu_daily_native_v1,2022-05-10,F,24,00:56,23:56,59.0,59,49.0,53.71,42.0,59.0,12:56|13:56|14:56|15:56,49.0,53.71,42.0,29.0,39.0,59,True,24,False,Fair,FEW
wu_daily_native_v1,2022-05-11,F,24,00:56,23:56,61.0,61,47.0,54.42,43.0,61.0,12:56|13:56|14:56,47.0,54.42,43.0,32.0,44.0,61,True,24,False,Fair,FEW
wu_daily_native_v1,2022-05-12,F,25,00:56,23:56,63.0,63,50.0,55.92,47.0,63.0,13:56,50.0,55.92,47.0,24.0,33.0,63,True,25,False,Fair,FEW
wu_daily_native_v1,2022-05-13,F,25,00:56,23:56,69.0,69,53.0,59.04,53.0,69.0,12:56,53.0,59.04,53.0,28.0,39.0,69,True,25,False,Fair,FEW
wu_daily_native_v1,2022-05-14,F,25,00:56,23:56,70.0,70,52.0,59.04,52.0,70.0,11:56,52.0,59.04,52.0,26.0,33.0,70,True,25,False,Fair,FEW
wu_daily_native_v1,2022-05-15,F,29,00:56,23:56,63.0,63,53.0,57.59,53.0,63.0,12:56|14:10|14:56,53.0,57.59,53.0,36.0,45.0,63,True,29,False,Mostly Cloudy / Windy,BKN
wu_daily_native_v1,2022-05-16,F,26,00:56,23:56,62.0,62,53.0,57.38,53.0,62.0,11:56|12:56|13:56,53.0,57.38,53.0,31.0,44.0,62,True,26,False,Cloudy,OVC
wu_daily_native_v1,2022-05-17,F,23,00:56,23:56,65.0,65,51.0,56.87,47.0,65.0,12:56|13:56|14:56,51.0,56.87,47.0,29.0,40.0,65,True,23,False,Fair / Windy,FEW
wu_daily_native_v1,2022-05-18,F,24,00:56,23:56,77.0,77,50.0,61.75,51.0,77.0,13:56,50.0,61.75,51.0,29.0,37.0,77,True,24,False,Fair,FEW
wu_daily_native_v1,2022-05-19,F,24,00:56,23:56,66.0,66,54.0,59.67,50.0,66.0,11:56|12:56|13:56|14:56|15:56|16:56,54.0,59.67,50.0,35.0,46.0,66,True,24,False,Fair / Windy,FEW
wu_daily_native_v1,2022-05-20,F,24,00:56,23:56,71.0,71,51.0,59.71,44.0,71.0,11:56|12:56|13:56,51.0,59.71,44.0,28.0,37.0,71,True,24,False,Fair,FEW
wu_daily_native_v1,2022-05-21,F,24,00:56,23:56,71.0,71,51.0,58.58,48.0,71.0,12:56,51.0,58.58,48.0,24.0,29.0,71,True,24,False,Fair,FEW
wu_daily_native_v1,2022-05-22,F,24,00:56,23:56,68.0,68,51.0,58.04,46.0,68.0,13:56,51.0,58.04,46.0,28.0,39.0,68,True,24,False,Fair,FEW
wu_daily_native_v1,2022-05-23,F,24,00:56,23:56,68.0,68,52.0,59.62,47.0,68.0,13:56|14:56|15:56,52.0,59.62,47.0,28.0,35.0,68,True,24,False,Fair,FEW
wu_daily_native_v1,2022-05-24,F,24,00:56,23:56,85.0,85,53.0,66.75,59.0,85.0,13:56,53.0,66.75,59.0,18.0,,85,True,24,False,Fair,CLR
wu_daily_native_v1,2022-05-25,F,24,00:56,23:56,78.0,78,58.0,66.88,58.0,78.0,12:56|13:56,58.0,66.88,58.0,23.0,32.0,78,True,24,False,Fair,CLR
wu_daily_native_v1,2022-05-26,F,24,00:56,23:56,68.0,68,55.0,61.29,54.0,68.0,11:56,55.0,61.29,54.0,13.0,17.0,68,True,24,False,Fair,FEW
wu_daily_native_v1,2022-05-27,F,29,00:37,23:56,69.0,69,56.0,60.83,52.0,69.0,13:56,56.0,60.83,52.0,18.0,23.0,69,True,29,False,Mostly Cloudy,BKN
wu_daily_native_v1,2022-05-28,F,32,00:56,23:56,71.0,71,56.0,61.47,55.0,71.0,13:56,56.0,61.47,55.0,30.0,37.0,71,True,32,False,Mostly Cloudy,BKN
wu_daily_native_v1,2022-05-29,F,25,00:11,23:56,67.0,67,53.0,58.68,49.0,67.0,13:56,53.0,58.68,49.0,31.0,41.0,67,True,25,False,Fair / Windy,FEW
wu_daily_native_v1,2022-05-30,F,24,00:56,23:56,66.0,66,52.0,58.08,45.0,66.0,12:56|13:56,52.0,58.08,45.0,31.0,40.0,66,True,24,False,Fair / Windy,FEW
wu_daily_native_v1,2022-05-31,F,24,00:56,23:56,74.0,74,50.0,60.25,48.0,74.0,12:56,50.0,60.25,48.0,28.0,36.0,74,True,24,False,Fair,CLR
wu_daily_native_v1,2022-06-01,F,24,00:56,23:56,71.0,71,52.0,59.83,51.0,71.0,14:56,52.0,59.83,51.0,26.0,35.0,71,True,24,False,Fair,FEW
wu_daily_native_v1,2022-06-02,F,25,00:56,23:56,68.0,68,52.0,59.04,51.0,68.0,13:56|14:56|15:56|16:56,52.0,59.04,51.0,35.0,44.0,68,True,25,False,Mostly Cloudy,BKN
wu_daily_native_v1,2022-06-03,F,31,00:56,23:56,70.0,70,57.0,61.74,57.0,70.0,14:56,57.0,61.74,57.0,17.0,23.0,70,True,30,False,Mostly Cloudy,BKN
wu_daily_native_v1,2022-06-04,F,24,00:56,23:56,71.0,71,58.0,64.42,58.0,71.0,16:56,58.0,64.42,58.0,15.0,,71,True,24,False,Cloudy,OVC
wu_daily_native_v1,2022-06-05,F,28,00:56,23:56,74.0,74,59.0,66.14,62.0,74.0,16:40,59.0,66.14,62.0,21.0,,74,True,28,False,Mostly Cloudy,BKN
wu_daily_native_v1,2022-06-06,F,30,00:56,23:56,67.0,67,56.0,59.73,53.0,67.0,14:56,56.0,59.73,53.0,24.0,35.0,67,True,30,False,Mostly Cloudy,FEW
wu_daily_native_v1,2022-06-07,F,24,00:56,23:56,66.0,66,54.0,59.92,51.0,66.0,14:56|15:56|16:56,54.0,59.92,51.0,28.0,38.0,66,True,24,False,Fair,FEW
wu_daily_native_v1,2022-06-08,F,25,00:56,23:56,69.0,69,56.0,62.08,55.0,69.0,11:56|13:56,56.0,62.08,55.0,28.0,36.0,69,True,25,False,Mostly Cloudy,BKN
wu_daily_native_v1,2022-06-09,F,27,00:38,23:56,78.0,78,55.0,64.52,52.0,78.0,15:56,55.0,64.52,52.0,30.0,36.0,78,True,27,False,Fair,FEW
wu_daily_native_v1,2022-06-10,F,24,00:56,23:56,90.0,90,61.0,70.75,62.0,90.0,12:56,61.0,70.75,62.0,36.0,47.0,90,True,24,False,Fair,FEW
wu_daily_native_v1,2022-06-11,F,25,00:56,23:56,78.0,78,61.0,68.56,60.0,78.0,10:56,61.0,68.56,60.0,25.0,31.0,78,True,25,False,Fair,FEW
wu_daily_native_v1,2022-06-12,F,28,00:29,23:56,73.0,73,55.0,64.29,61.0,73.0,12:56|13:56,55.0,64.29,61.0,33.0,48.0,73,True,28,False,Mostly Cloudy,BKN
wu_daily_native_v1,2022-06-13,F,24,00:56,23:56,69.0,69,54.0,60.38,48.0,69.0,13:56|14:56,54.0,60.38,48.0,25.0,35.0,69,True,24,False,Fair,CLR
wu_daily_native_v1,2022-06-14,F,24,00:56,23:56,77.0,77,54.0,62.92,51.0,77.0,11:56,54.0,62.92,51.0,29.0,36.0,77,True,24,False,Fair,CLR
wu_daily_native_v1,2022-06-15,F,24,00:56,23:56,68.0,68,54.0,60.25,49.0,68.0,09:56,54.0,60.25,49.0,39.0,51.0,68,True,24,False,Fair / Windy,CLR
wu_daily_native_v1,2022-06-16,F,25,00:56,23:56,67.0,67,54.0,59.24,51.0,67.0,13:56,54.0,59.24,51.0,29.0,40.0,67,True,25,False,Fair,SCT
wu_daily_native_v1,2022-06-17,F,30,00:56,23:56,67.0,67,56.0,60.33,51.0,67.0,13:56|14:56,56.0,60.33,51.0,24.0,33.0,67,True,30,False,Mostly Cloudy,BKN
wu_daily_native_v1,2022-06-18,F,25,00:28,23:56,66.0,66,55.0,59.48,51.0,66.0,14:56,55.0,59.48,51.0,35.0,44.0,66,True,25,False,Fair,FEW
wu_daily_native_v1,2022-06-19,F,25,00:56,23:56,76.0,76,53.0,62.0,54.0,76.0,13:42|13:56,53.0,62.0,54.0,26.0,36.0,76,True,25,False,Fair,FEW
wu_daily_native_v1,2022-06-20,F,25,00:56,23:56,80.0,80,53.0,65.44,57.0,80.0,15:56,53.0,65.44,57.0,26.0,35.0,80,True,25,False,Fair,FEW
wu_daily_native_v1,2022-06-21,F,24,00:56,23:56,98.0,98,61.0,77.75,59.0,98.0,14:56,61.0,77.75,59.0,24.0,28.0,98,True,24,False,Fair,CLR
wu_daily_native_v1,2022-06-22,F,24,00:56,23:56,80.0,80,60.0,69.29,59.0,80.0,12:56,60.0,69.29,59.0,21.0,20.0,80,True,24,False,Fair,BKN
wu_daily_native_v1,2022-06-23,F,25,00:56,23:56,73.0,73,56.0,62.96,55.0,73.0,12:56|13:56,56.0,62.96,55.0,24.0,28.0,73,True,25,False,Fair,FEW
wu_daily_native_v1,2022-06-24,F,24,00:56,23:56,74.0,74,54.0,61.67,53.0,74.0,14:56,54.0,61.67,53.0,26.0,30.0,74,True,24,False,Fair,FEW
wu_daily_native_v1,2022-06-25,F,24,00:56,23:56,68.0,68,55.0,61.08,53.0,68.0,11:56|14:56|15:56,55.0,61.08,53.0,25.0,32.0,68,True,24,False,Fair,FEW
wu_daily_native_v1,2022-06-26,F,25,00:56,23:56,68.0,68,54.0,60.32,55.0,68.0,13:56|15:56,54.0,60.32,55.0,26.0,36.0,68,True,25,False,Fair,FEW
wu_daily_native_v1,2022-06-27,F,28,00:56,23:56,69.0,69,56.0,60.25,54.0,69.0,13:58|13:59,56.0,60.25,54.0,29.0,37.0,69,True,28,False,Fair,FEW
wu_daily_native_v1,2022-06-28,F,24,00:56,23:56,70.0,70,55.0,61.46,52.0,70.0,14:56,55.0,61.46,52.0,31.0,39.0,70,True,24,False,Fair,FEW
wu_daily_native_v1,2022-06-29,F,31,00:15,23:56,66.0,66,55.0,59.06,52.0,66.0,13:56|14:56,55.0,59.06,52.0,24.0,29.0,66,True,31,False,Mostly Cloudy,BKN
wu_daily_native_v1,2022-06-30,F,29,00:56,23:56,61.0,61,55.0,57.83,51.0,61.0,12:07|13:56|14:56|16:56,55.0,57.83,51.0,21.0,29.0,61,True,29,False,Mostly Cloudy,BKN
wu_daily_native_v1,2023-05-01,F,26,00:56,23:56,58.0,58,52.0,54.5,46.0,58.0,11:56|12:56|13:56|14:56,52.0,54.5,46.0,29.0,39.0,58,True,26,False,Mostly Cloudy / Windy,BKN
wu_daily_native_v1,2023-05-02,F,30,00:56,23:56,58.0,58,50.0,53.13,50.0,58.0,15:56,50.0,53.13,50.0,18.0,,58,True,30,False,Light Rain,OVC
wu_daily_native_v1,2023-05-03,F,28,00:56,23:56,59.0,59,51.0,54.39,51.0,59.0,10:49|11:56|12:56|14:56,51.0,54.39,51.0,14.0,,59,True,28,False,Cloudy,OVC
wu_daily_native_v1,2023-05-04,F,25,00:56,23:56,59.0,59,51.0,54.8,49.0,59.0,13:56,51.0,54.8,49.0,15.0,,59,True,25,False,Cloudy,OVC
wu_daily_native_v1,2023-05-05,F,25,00:56,23:56,60.0,60,53.0,55.76,49.0,60.0,12:56|13:56|14:56,53.0,55.76,49.0,16.0,21.0,60,True,25,False,Cloudy,OVC
wu_daily_native_v1,2023-05-06,F,26,00:56,23:56,62.0,62,54.0,57.12,52.0,62.0,12:56|13:56,54.0,57.12,52.0,17.0,24.0,62,True,26,False,Mostly Cloudy,BKN
wu_daily_native_v1,2023-05-07,F,24,00:56,23:56,65.0,65,51.0,57.0,48.0,65.0,13:56,51.0,57.0,48.0,18.0,26.0,65,True,24,False,Partly Cloudy,SCT
wu_daily_native_v1,2023-05-08,F,30,00:56,23:56,64.0,64,53.0,57.27,53.0,64.0,14:56,53.0,57.27,53.0,20.0,23.0,64,True,30,False,Mostly Cloudy,BKN
wu_daily_native_v1,2023-05-09,F,28,00:56,23:56,64.0,64,53.0,58.39,50.0,64.0,13:56|14:56,53.0,58.39,50.0,25.0,32.0,64,True,28,False,Mostly Cloudy,BKN
wu_daily_native_v1,2023-05-10,F,27,00:56,23:56,61.0,61,54.0,57.0,47.0,61.0,12:52|12:56|14:56,54.0,57.0,47.0,21.0,29.0,61,True,27,False,Mostly Cloudy,BKN
wu_daily_native_v1,2023-05-11,F,27,00:56,23:56,62.0,62,55.0,57.48,50.0,62.0,13:56|14:14|14:56|15:56,55.0,57.48,50.0,24.0,32.0,62,True,27,False,Mostly Cloudy,BKN
wu_daily_native_v1,2023-05-12,F,26,00:56,23:56,65.0,65,54.0,57.12,51.0,65.0,12:56|14:56,54.0,57.12,51.0,25.0,31.0,65,True,26,False,Mostly Cloudy,FEW
wu_daily_native_v1,2023-05-13,F,29,00:27,23:56,82.0,82,53.0,60.97,59.0,82.0,14:56,53.0,60.97,59.0,21.0,28.0,82,True,29,False,Fair,FEW
wu_daily_native_v1,2023-05-14,F,24,00:56,23:56,71.0,71,53.0,61.46,57.0,71.0,14:56|15:56,53.0,61.46,57.0,14.0,17.0,71,True,24,False,Fair,FEW
wu_daily_native_v1,2023-05-15,F,27,00:56,23:56,67.0,67,55.0,60.85,55.0,67.0,12:56|13:56|14:56|15:56,55.0,60.85,55.0,20.0,24.0,67,True,27,False,Fair,FEW
wu_daily_native_v1,2023-05-16,F,26,00:56,23:56,71.0,71,55.0,59.5,54.0,71.0,15:56,55.0,59.5,54.0,28.0,35.0,71,True,26,False,Fair,FEW
wu_daily_native_v1,2023-05-17,F,29,00:56,23:56,63.0,63,53.0,57.31,53.0,63.0,11:56|14:56|15:56,53.0,57.31,53.0,24.0,36.0,63,True,29,False,Mostly Cloudy,BKN
wu_daily_native_v1,2023-05-18,F,27,00:56,23:56,64.0,64,54.0,58.22,52.0,64.0,15:56,54.0,58.22,52.0,23.0,31.0,64,True,27,False,Mostly Cloudy,BKN
wu_daily_native_v1,2023-05-19,F,27,00:56,23:56,64.0,64,55.0,58.04,52.0,64.0,14:56,55.0,58.04,52.0,22.0,31.0,64,True,27,False,Mostly Cloudy,BKN
wu_daily_native_v1,2023-05-20,F,26,00:56,23:56,63.0,63,54.0,57.0,52.0,63.0,14:56,54.0,57.0,52.0,24.0,33.0,63,True,25,False,Cloudy,OVC
wu_daily_native_v1,2023-05-21,F,25,00:56,23:56,68.0,68,55.0,58.96,54.0,68.0,14:56,55.0,58.96,54.0,25.0,,68,True,25,False,Mostly Cloudy,BKN
wu_daily_native_v1,2023-05-22,F,26,00:56,23:56,70.0,70,52.0,59.58,57.0,70.0,13:56,52.0,59.58,57.0,20.0,,70,True,26,False,Fair,FEW
wu_daily_native_v1,2023-05-23,F,26,00:56,23:56,66.0,66,54.0,58.58,50.0,66.0,13:56|14:56|15:56,54.0,58.58,50.0,21.0,28.0,66,True,26,False,Fair,FEW
wu_daily_native_v1,2023-05-24,F,26,00:56,23:56,66.0,66,54.0,58.12,49.0,66.0,14:56,54.0,58.12,49.0,16.0,22.0,66,True,26,False,Cloudy,OVC
wu_daily_native_v1,2023-05-25,F,27,00:56,23:56,65.0,65,54.0,58.59,50.0,65.0,13:56,54.0,58.59,50.0,21.0,28.0,65,True,27,False,Mostly Cloudy,BKN
wu_daily_native_v1,2023-05-26,F,28,00:08,23:56,66.0,66,56.0,58.64,50.0,66.0,13:56|14:56,56.0,58.64,50.0,20.0,31.0,66,True,28,False,Cloudy,OVC
wu_daily_native_v1,2023-05-27,F,25,00:56,23:56,67.0,67,54.0,58.8,51.0,67.0,14:56,54.0,58.8,51.0,23.0,31.0,67,True,25,False,Cloudy,OVC
wu_daily_native_v1,2023-05-28,F,26,00:56,23:56,60.0,60,55.0,56.88,50.0,60.0,13:56|15:56|16:56,55.0,56.88,50.0,16.0,24.0,60,True,26,False,Cloudy,OVC
wu_daily_native_v1,2023-05-29,F,25,00:56,23:56,67.0,67,55.0,60.16,50.0,67.0,14:56,55.0,60.16,50.0,25.0,33.0,67,True,25,False,Mostly Cloudy,BKN
wu_daily_native_v1,2023-05-30,F,28,00:56,23:56,66.0,66,56.0,59.93,51.0,66.0,12:56|14:56|15:56,56.0,59.93,51.0,21.0,30.0,66,True,28,False,Mostly Cloudy,BKN
wu_daily_native_v1,2023-05-31,F,32,00:56,23:56,64.0,64,54.0,57.81,50.0,64.0,12:56|13:56|14:56,54.0,57.81,50.0,22.0,32.0,64,True,32,False,Mostly Cloudy,BKN
wu_daily_native_v1,2023-06-01,F,27,00:56,23:56,67.0,67,54.0,58.81,50.0,67.0,13:56,54.0,58.81,50.0,20.0,31.0,67,True,27,False,Fair,FEW
wu_daily_native_v1,2023-06-02,F,24,00:56,23:56,68.0,68,52.0,58.67,50.0,68.0,13:56,52.0,58.67,50.0,21.0,29.0,68,True,24,False,Fair,FEW
wu_daily_native_v1,2023-06-03,F,26,00:56,23:56,70.0,70,53.0,59.5,54.0,70.0,13:56|15:56,53.0,59.5,54.0,22.0,28.0,70,True,26,False,Fair,FEW
wu_daily_native_v1,2023-06-04,F,24,00:56,23:56,68.0,68,54.0,59.5,53.0,68.0,13:56,54.0,59.5,53.0,22.0,28.0,68,True,24,False,Fair,FEW
wu_daily_native_v1,2023-06-05,F,29,00:56,23:56,69.0,69,54.0,60.62,54.0,69.0,12:56|13:56|14:56,54.0,60.62,54.0,24.0,29.0,69,True,29,False,Mostly Cloudy,BKN
wu_daily_native_v1,2023-06-06,F,25,00:56,23:56,68.0,68,60.0,62.12,53.0,68.0,14:56,60.0,62.12,53.0,25.0,32.0,68,True,25,False,Mostly Cloudy,BKN
wu_daily_native_v1,2023-06-07,F,26,00:56,23:56,69.0,69,58.0,63.23,52.0,69.0,13:56|14:56|15:56,58.0,63.23,52.0,18.0,23.0,69,True,26,False,Mostly Cloudy,BKN
wu_daily_native_v1,2023-06-08,F,33,00:56,23:56,69.0,69,57.0,62.61,53.0,69.0,12:56|14:56,57.0,62.61,53.0,20.0,30.0,69,True,33,False,Fair,FEW
wu_daily_native_v1,2023-06-09,F,27,00:56,23:56,66.0,66,57.0,60.48,51.0,66.0,12:56|13:53,57.0,60.48,51.0,21.0,30.0,66,True,27,False,Mostly Cloudy,BKN
wu_daily_native_v1,2023-06-10,F,25,00:56,23:56,68.0,68,55.0,58.32,52.0,68.0,14:56|15:56,55.0,58.32,52.0,20.0,24.0,68,True,25,False,Cloudy,OVC
wu_daily_native_v1,2023-06-11,F,27,00:56,23:56,69.0,69,55.0,60.44,55.0,69.0,13:56|14:56,55.0,60.44,55.0,15.0,21.0,69,True,27,False,Mostly Cloudy,BKN
wu_daily_native_v1,2023-06-12,F,28,00:56,23:56,68.0,68,58.0,61.61,53.0,68.0,12:56|13:56|14:56|15:56|16:56,58.0,61.61,53.0,18.0,20.0,68,True,28,False,Mostly Cloudy,BKN
wu_daily_native_v1,2023-06-13,F,29,00:56,23:56,69.0,69,58.0,61.83,54.0,69.0,14:56|15:56,58.0,61.83,54.0,17.0,26.0,69,True,29,False,Mostly Cloudy,BKN
wu_daily_native_v1,2023-06-14,F,28,00:45,23:56,71.0,71,57.0,62.04,56.0,71.0,14:56,57.0,62.04,56.0,21.0,29.0,71,True,28,False,Mostly Cloudy,BKN
wu_daily_native_v1,2023-06-15,F,27,00:56,23:56,73.0,73,56.0,62.11,57.0,73.0,14:56,56.0,62.11,57.0,17.0,20.0,73,True,27,False,Partly Cloudy,SCT
wu_daily_native_v1,2023-06-16,F,28,00:56,23:56,72.0,72,58.0,62.82,57.0,72.0,13:56,58.0,62.82,57.0,23.0,,72,True,28,False,Fair,FEW
wu_daily_native_v1,2023-06-17,F,26,00:11,23:56,72.0,72,58.0,62.35,56.0,72.0,13:56,58.0,62.35,56.0,24.0,28.0,72,True,26,False,Mostly Cloudy,BKN
wu_daily_native_v1,2023-06-18,F,26,00:56,23:56,68.0,68,58.0,61.69,52.0,68.0,11:56|12:56,58.0,61.69,52.0,35.0,45.0,68,True,26,False,Fair / Windy,FEW
wu_daily_native_v1,2023-06-19,F,28,00:56,23:56,65.0,65,55.0,59.0,49.0,65.0,13:56|14:56,55.0,59.0,49.0,30.0,43.0,65,True,28,False,Fair / Windy,FEW
wu_daily_native_v1,2023-06-20,F,24,00:56,23:56,68.0,68,53.0,59.79,49.0,68.0,11:56|12:56|13:56|14:56,53.0,59.79,49.0,30.0,38.0,68,True,24,False,Fair,FEW
wu_daily_native_v1,2023-06-21,F,27,00:56,23:56,67.0,67,53.0,58.22,50.0,67.0,12:56,53.0,58.22,50.0,24.0,36.0,67,True,27,False,Fair,FEW
wu_daily_native_v1,2023-06-22,F,27,00:56,23:56,67.0,67,54.0,60.07,53.0,67.0,12:56|13:56|14:56,54.0,60.07,53.0,20.0,30.0,67,True,27,False,Mostly Cloudy,BKN
wu_daily_native_v1,2023-06-23,F,26,00:56,23:56,67.0,67,58.0,61.08,53.0,67.0,12:56|13:56|14:56,58.0,61.08,53.0,18.0,25.0,67,True,26,False,Mostly Cloudy,BKN
wu_daily_native_v1,2023-06-24,F,26,00:56,23:56,66.0,66,57.0,60.58,52.0,66.0,12:56|13:56|14:56,57.0,60.58,52.0,23.0,31.0,66,True,26,False,Mostly Cloudy,BKN
wu_daily_native_v1,2023-06-25,F,25,00:56,23:56,64.0,64,56.0,59.12,52.0,64.0,13:56|14:56,56.0,59.12,52.0,20.0,26.0,64,True,25,False,Mostly Cloudy,BKN
wu_daily_native_v1,2023-06-26,F,28,00:56,23:56,64.0,64,55.0,58.57,52.0,64.0,13:10|13:56,55.0,58.57,52.0,24.0,32.0,64,True,28,False,Mostly Cloudy,BKN
wu_daily_native_v1,2023-06-27,F,29,00:45,23:56,64.0,64,54.0,57.41,52.0,64.0,14:56,54.0,57.41,52.0,20.0,30.0,64,True,29,False,Mostly Cloudy,BKN
wu_daily_native_v1,2023-06-28,F,28,00:56,23:56,64.0,64,54.0,57.89,52.0,64.0,15:56,54.0,57.89,52.0,23.0,32.0,64,True,28,False,Cloudy,OVC
wu_daily_native_v1,2023-06-29,F,26,00:56,23:56,69.0,69,54.0,59.65,55.0,69.0,14:56|15:56,54.0,59.65,55.0,23.0,28.0,69,True,26,False,Fair,FEW
wu_daily_native_v1,2023-06-30,F,24,00:56,23:56,71.0,71,54.0,60.83,54.0,71.0,12:56|13:56,54.0,60.83,54.0,26.0,33.0,71,True,24,False,Fair,FEW
wu_daily_native_v1,2024-05-01,F,24,00:56,23:56,71.0,71,50.0,58.46,48.0,71.0,12:56,50.0,58.46,48.0,23.0,35.0,71,True,24,False,Fair,CLR
wu_daily_native_v1,2024-05-02,F,26,00:56,23:56,66.0,66,53.0,57.85,51.0,66.0,11:56,53.0,57.85,51.0,32.0,45.0,66,True,26,False,Fair,FEW
wu_daily_native_v1,2024-05-03,F,28,00:56,23:56,68.0,68,51.0,57.29,51.0,68.0,12:19,51.0,57.29,51.0,26.0,37.0,68,True,28,False,Fair,FEW
wu_daily_native_v1,2024-05-04,F,39,00:56,23:56,57.0,57,50.0,53.74,52.0,57.0,07:56|08:56,50.0,53.74,52.0,26.0,41.0,57,True,39,False,Mostly Cloudy,BKN
wu_daily_native_v1,2024-05-05,F,24,00:56,23:56,59.0,59,49.0,53.88,44.0,59.0,12:56|13:56|14:56,49.0,53.88,44.0,26.0,36.0,59,True,24,False,Fair,FEW
wu_daily_native_v1,2024-05-06,F,26,00:56,23:56,63.0,63,49.0,56.0,50.0,63.0,16:56,49.0,56.0,50.0,23.0,,63,True,26,False,Fair,FEW
wu_daily_native_v1,2024-05-07,F,25,00:56,23:56,63.0,63,51.0,57.12,55.0,63.0,13:56|15:56|16:56,51.0,57.12,55.0,17.0,23.0,63,True,25,False,Fair,FEW
wu_daily_native_v1,2024-05-08,F,24,00:56,23:56,76.0,76,52.0,64.92,50.0,76.0,14:56,52.0,64.92,50.0,21.0,23.0,76,True,24,False,Fair,CLR
wu_daily_native_v1,2024-05-09,F,24,00:56,23:56,83.0,83,61.0,69.54,53.0,83.0,15:56,61.0,69.54,53.0,20.0,,83,True,24,False,Fair,CLR
wu_daily_native_v1,2024-05-10,F,25,00:56,23:56,80.0,80,56.0,65.44,58.0,80.0,13:56,56.0,65.44,58.0,20.0,,80,True,25,False,Fair,CLR
wu_daily_native_v1,2024-05-11,F,25,00:56,23:56,69.0,69,54.0,60.92,56.0,69.0,11:56,54.0,60.92,56.0,21.0,,69,True,25,False,Fair,FEW
wu_daily_native_v1,2024-05-12,F,25,00:56,23:56,64.0,64,53.0,57.6,52.0,64.0,13:56,53.0,57.6,52.0,23.0,30.0,64,True,25,False,Fair,FEW
wu_daily_native_v1,2024-05-13,F,29,00:48,23:56,64.0,64,52.0,56.24,51.0,64.0,13:56,52.0,56.24,51.0,24.0,31.0,64,True,29,False,Fair,FEW
wu_daily_native_v1,2024-05-14,F,27,00:56,23:56,67.0,67,52.0,57.07,54.0,67.0,14:56,52.0,57.07,54.0,23.0,30.0,67,True,27,False,Fair,FEW
wu_daily_native_v1,2024-05-15,F,26,00:56,23:56,67.0,67,53.0,58.65,54.0,67.0,13:56,53.0,58.65,54.0,23.0,,67,True,26,False,Fair,FEW
wu_daily_native_v1,2024-05-16,F,25,00:56,23:56,69.0,69,54.0,60.52,55.0,69.0,14:56,54.0,60.52,55.0,14.0,,69,True,25,False,Fair,FEW
wu_daily_native_v1,2024-05-17,F,27,00:56,23:56,69.0,69,54.0,59.15,53.0,69.0,14:56,54.0,59.15,53.0,18.0,,69,True,27,False,Fair,FEW
wu_daily_native_v1,2024-05-18,F,28,00:56,23:56,68.0,68,55.0,59.25,52.0,68.0,13:56,55.0,59.25,52.0,17.0,,68,True,28,False,Fair,FEW
wu_daily_native_v1,2024-05-19,F,24,00:56,23:56,69.0,69,52.0,58.88,50.0,69.0,12:56,52.0,58.88,50.0,29.0,43.0,69,True,24,False,Fair,FEW
wu_daily_native_v1,2024-05-20,F,26,00:56,23:56,72.0,72,52.0,58.62,50.0,72.0,11:56,52.0,58.62,50.0,20.0,28.0,72,True,26,False,Fair,FEW
wu_daily_native_v1,2024-05-21,F,25,00:56,23:56,75.0,75,52.0,61.28,54.0,75.0,12:56|13:56|15:56,52.0,61.28,54.0,21.0,30.0,75,True,25,False,Fair,CLR
wu_daily_native_v1,2024-05-22,F,26,00:56,23:56,67.0,67,54.0,58.92,52.0,67.0,14:56,54.0,58.92,52.0,30.0,38.0,67,True,26,False,Fair,FEW
wu_daily_native_v1,2024-05-23,F,25,00:56,23:56,66.0,66,52.0,57.44,47.0,66.0,10:56,52.0,57.44,47.0,24.0,35.0,66,True,25,False,Fair,FEW
wu_daily_native_v1,2024-05-24,F,28,00:40,23:56,59.0,59,52.0,54.89,49.0,59.0,16:56,52.0,54.89,49.0,24.0,36.0,59,True,28,False,Cloudy,OVC
wu_daily_native_v1,2024-05-25,F,27,00:56,23:56,62.0,62,53.0,55.89,50.0,62.0,13:56|14:56,53.0,55.89,50.0,20.0,28.0,62,True,27,False,Cloudy,OVC
wu_daily_native_v1,2024-05-26,F,26,00:56,23:56,68.0,68,51.0,57.54,50.0,68.0,14:56,51.0,57.54,50.0,24.0,,68,True,26,False,Fair,FEW
wu_daily_native_v1,2024-05-27,F,26,00:56,23:56,64.0,64,52.0,57.15,49.0,64.0,11:56|12:56|13:56|14:56,52.0,57.15,49.0,20.0,26.0,64,True,26,False,Fair,FEW
wu_daily_native_v1,2024-05-28,F,28,00:56,23:56,67.0,67,54.0,58.89,49.0,67.0,14:56|15:56,54.0,58.89,49.0,32.0,45.0,67,True,28,False,Fair,FEW
wu_daily_native_v1,2024-05-29,F,25,00:56,23:56,76.0,76,53.0,61.92,50.0,76.0,13:56,53.0,61.92,50.0,28.0,33.0,76,True,25,False,Fair,CLR
wu_daily_native_v1,2024-05-30,F,24,00:56,23:56,74.0,74,54.0,63.33,54.0,74.0,13:56,54.0,63.33,54.0,22.0,,74,True,24,False,Fair,FEW
wu_daily_native_v1,2024-05-31,F,24,00:56,23:56,71.0,71,55.0,61.79,52.0,71.0,11:56|12:56,55.0,61.79,52.0,24.0,30.0,71,True,24,False,Fair,CLR
wu_daily_native_v1,2024-06-01,F,29,00:56,23:56,64.0,64,54.0,58.38,52.0,64.0,14:56|17:56,54.0,58.38,52.0,35.0,48.0,64,True,29,False,Fair,FEW
wu_daily_native_v1,2024-06-02,F,27,00:56,23:56,67.0,67,54.0,59.19,55.0,67.0,13:56|14:56|15:56,54.0,59.19,55.0,30.0,43.0,67,True,27,False,Mostly Cloudy / Windy,BKN
wu_daily_native_v1,2024-06-03,F,29,00:56,23:56,67.0,67,54.0,60.03,59.0,67.0,13:56|14:56,54.0,60.03,59.0,26.0,35.0,67,True,29,False,Mostly Cloudy,BKN
wu_daily_native_v1,2024-06-04,F,25,00:56,23:56,77.0,77,54.0,64.64,57.0,77.0,11:56,54.0,64.64,57.0,36.0,43.0,77,True,25,False,Fair,CLR
wu_daily_native_v1,2024-06-05,F,24,00:56,23:56,78.0,78,55.0,64.54,59.0,78.0,11:56,55.0,64.54,59.0,23.0,30.0,78,True,24,False,Fair,FEW
wu_daily_native_v1,2024-06-06,F,25,00:56,23:56,63.0,63,53.0,57.96,51.0,63.0,12:56|13:56|14:56,53.0,57.96,51.0,26.0,,63,True,25,False,Fair,FEW
wu_daily_native_v1,2024-06-07,F,25,00:56,23:56,71.0,71,53.0,60.36,56.0,71.0,15:56|16:56,53.0,60.36,56.0,17.0,,71,True,25,False,Fair,FEW
wu_daily_native_v1,2024-06-08,F,30,00:56,23:56,66.0,66,54.0,59.43,53.0,66.0,10:56|11:40|15:56|16:56|17:56,54.0,59.43,53.0,21.0,32.0,66,True,30,False,Mostly Cloudy,BKN
wu_daily_native_v1,2024-06-09,F,31,00:56,23:56,65.0,65,54.0,57.74,51.0,65.0,12:56,54.0,57.74,51.0,21.0,35.0,65,True,31,False,Mostly Cloudy,BKN
wu_daily_native_v1,2024-06-10,F,27,00:56,23:56,66.0,66,52.0,57.26,55.0,66.0,11:56,52.0,57.26,55.0,22.0,28.0,66,True,27,False,Fair,FEW
wu_daily_native_v1,2024-06-11,F,24,00:56,23:56,80.0,80,52.0,62.71,60.0,80.0,13:56|15:56,52.0,62.71,60.0,22.0,28.0,80,True,24,False,Fair,FEW
wu_daily_native_v1,2024-06-12,F,25,00:56,23:56,70.0,70,53.0,61.2,55.0,70.0,14:56|16:56,53.0,61.2,55.0,17.0,,70,True,25,False,Fair,FEW
wu_daily_native_v1,2024-06-13,F,25,00:56,23:56,67.0,67,53.0,57.6,51.0,67.0,13:56,53.0,57.6,51.0,24.0,24.0,67,True,25,False,Fair,FEW
wu_daily_native_v1,2024-06-14,F,24,00:56,23:56,66.0,66,52.0,58.46,49.0,66.0,14:56|15:56|16:56,52.0,58.46,49.0,29.0,40.0,66,True,24,False,Fair,FEW
wu_daily_native_v1,2024-06-15,F,24,00:56,23:56,68.0,68,52.0,58.25,49.0,68.0,12:56|13:56|14:56,52.0,58.25,49.0,29.0,39.0,68,True,24,False,Fair / Windy,FEW
wu_daily_native_v1,2024-06-16,F,24,00:56,23:56,66.0,66,51.0,58.54,50.0,66.0,13:56|14:56|16:56,51.0,58.54,50.0,38.0,49.0,66,True,24,False,Fair,FEW
wu_daily_native_v1,2024-06-17,F,24,00:56,23:56,73.0,73,51.0,61.38,51.0,73.0,12:56|13:56,51.0,61.38,51.0,31.0,48.0,73,True,24,False,Fair,FEW
wu_daily_native_v1,2024-06-18,F,24,00:56,23:56,72.0,72,53.0,60.42,54.0,72.0,12:56,53.0,60.42,54.0,26.0,37.0,72,True,24,False,Fair,FEW
wu_daily_native_v1,2024-06-19,F,27,00:56,23:56,62.0,62,52.0,55.59,50.0,62.0,14:56,52.0,55.59,50.0,22.0,32.0,62,True,27,False,Fair,FEW
wu_daily_native_v1,2024-06-20,F,28,00:56,23:56,62.0,62,51.0,54.86,49.0,62.0,14:56,51.0,54.86,49.0,22.0,31.0,62,True,28,False,Mostly Cloudy,BKN
wu_daily_native_v1,2024-06-21,F,24,00:56,23:56,64.0,64,51.0,55.96,51.0,64.0,14:56,51.0,55.96,51.0,22.0,17.0,64,True,24,False,Fair,FEW
wu_daily_native_v1,2024-06-22,F,25,00:56,23:56,68.0,68,51.0,58.28,56.0,68.0,13:56|14:56|15:56,51.0,58.28,56.0,20.0,25.0,68,True,25,False,Fair,FEW
wu_daily_native_v1,2024-06-23,F,24,00:56,23:56,67.0,67,54.0,59.17,53.0,67.0,16:56,54.0,59.17,53.0,25.0,30.0,67,True,24,False,Fair,FEW
wu_daily_native_v1,2024-06-24,F,25,00:56,23:56,72.0,72,52.0,60.24,53.0,72.0,13:56,52.0,60.24,53.0,20.0,23.0,72,True,25,False,Fair,FEW
wu_daily_native_v1,2024-06-25,F,25,00:56,23:56,68.0,68,53.0,59.32,52.0,68.0,12:56|14:56|15:56,53.0,59.32,52.0,23.0,30.0,68,True,25,False,Mostly Cloudy,BKN
wu_daily_native_v1,2024-06-26,F,26,00:56,23:56,65.0,65,53.0,58.0,52.0,65.0,13:56|14:56,53.0,58.0,52.0,28.0,37.0,65,True,26,False,Fair,FEW
wu_daily_native_v1,2024-06-27,F,25,00:56,23:56,65.0,65,53.0,58.0,51.0,65.0,15:56,53.0,58.0,51.0,25.0,35.0,65,True,25,False,Fair,FEW
wu_daily_native_v1,2024-06-28,F,24,00:56,23:56,71.0,71,52.0,59.92,56.0,71.0,12:56,52.0,59.92,56.0,21.0,,71,True,24,False,Fair,FEW
wu_daily_native_v1,2024-06-29,F,24,00:56,23:56,70.0,70,54.0,61.62,56.0,70.0,16:56,54.0,61.62,56.0,22.0,,70,True,24,False,Fair,FEW
wu_daily_native_v1,2024-06-30,F,24,00:56,23:56,69.0,69,54.0,62.29,53.0,69.0,08:56|09:56|12:56|13:56,54.0,62.29,53.0,32.0,41.0,69,True,24,False,Fair,CLR
wu_daily_native_v1,2025-05-01,F,28,01:56,23:56,64.0,64,51.0,55.61,52.0,64.0,13:56|14:56,51.0,55.61,52.0,18.0,,64,True,28,False,Fair,FEW
wu_daily_native_v1,2025-05-02,F,36,00:29,23:56,60.0,60,50.0,54.56,49.0,60.0,13:56|14:56|15:56,50.0,54.56,49.0,29.0,38.0,60,True,36,False,Mostly Cloudy,BKN
wu_daily_native_v1,2025-05-03,F,22,00:56,23:56,60.0,60,51.0,54.27,50.0,60.0,14:56,51.0,54.27,50.0,33.0,47.0,60,True,22,False,Fair / Windy,OVC
wu_daily_native_v1,2025-05-04,F,24,00:56,23:56,64.0,64,50.0,56.17,46.0,64.0,16:56,50.0,56.17,46.0,21.0,,64,True,24,False,Fair,FEW
wu_daily_native_v1,2025-05-05,F,24,00:56,23:56,81.0,81,55.0,67.92,53.0,81.0,15:56,55.0,67.92,53.0,22.0,31.0,81,True,24,False,Fair,CLR
wu_daily_native_v1,2025-05-06,F,24,00:56,23:56,72.0,72,55.0,61.38,55.0,72.0,15:56,55.0,61.38,55.0,12.0,,72,True,24,False,Fair,CLR
wu_daily_native_v1,2025-05-07,F,25,00:56,23:56,66.0,66,51.0,57.56,49.0,66.0,13:56,51.0,57.56,49.0,17.0,26.0,66,True,25,False,Fair,FEW
wu_daily_native_v1,2025-05-08,F,26,00:56,23:56,73.0,73,51.0,58.0,54.0,73.0,13:56,51.0,58.0,54.0,24.0,32.0,73,True,26,False,Fair,FEW
wu_daily_native_v1,2025-05-09,F,24,00:56,23:56,77.0,77,51.0,61.12,58.0,77.0,13:56,51.0,61.12,58.0,23.0,,77,True,24,False,Fair,FEW
wu_daily_native_v1,2025-05-10,F,25,00:56,23:56,68.0,68,52.0,58.36,49.0,68.0,14:56,52.0,58.36,49.0,28.0,36.0,68,True,25,False,Fair,FEW
wu_daily_native_v1,2025-05-11,F,29,00:56,23:56,63.0,63,52.0,56.69,49.0,63.0,14:56,52.0,56.69,49.0,23.0,32.0,63,True,29,False,Partly Cloudy,FEW
wu_daily_native_v1,2025-05-12,F,32,00:56,23:56,62.0,62,53.0,56.91,52.0,62.0,13:56|14:56|16:56,53.0,56.91,52.0,18.0,26.0,62,True,32,False,Mostly Cloudy,BKN
wu_daily_native_v1,2025-05-13,F,32,00:56,23:56,66.0,66,52.0,56.12,49.0,66.0,13:56|14:56,52.0,56.12,49.0,26.0,35.0,66,True,32,False,Partly Cloudy,SCT
wu_daily_native_v1,2025-05-14,F,24,00:56,23:56,66.0,66,51.0,57.25,51.0,66.0,12:56|13:56|14:56|15:56,51.0,57.25,51.0,22.0,31.0,66,True,24,False,Fair,FEW
wu_daily_native_v1,2025-05-15,F,25,00:56,23:56,69.0,69,51.0,57.72,53.0,69.0,12:56,51.0,57.72,53.0,28.0,36.0,69,True,25,False,Fair,FEW
wu_daily_native_v1,2025-05-16,F,29,00:56,23:56,66.0,66,52.0,56.45,50.0,66.0,11:56,52.0,56.45,50.0,25.0,36.0,66,True,29,False,Mostly Cloudy,BKN
wu_daily_native_v1,2025-05-17,F,27,00:19,23:56,62.0,62,52.0,56.22,50.0,62.0,11:56|12:56|14:56,52.0,56.22,50.0,36.0,55.0,62,True,27,False,Partly Cloudy / Windy,OVC
wu_daily_native_v1,2025-05-18,F,25,00:56,23:56,66.0,66,50.0,57.76,50.0,66.0,12:56,50.0,57.76,50.0,30.0,39.0,66,True,25,False,Fair,FEW
wu_daily_native_v1,2025-05-19,F,24,00:56,23:56,70.0,70,52.0,59.96,52.0,70.0,12:56|13:56,52.0,59.96,52.0,39.0,51.0,70,True,24,False,Fair / Windy,CLR
wu_daily_native_v1,2025-05-20,F,25,00:09,23:56,65.0,65,51.0,56.96,50.0,65.0,14:56,51.0,56.96,50.0,28.0,38.0,65,True,25,False,Fair,CLR
wu_daily_native_v1,2025-05-21,F,25,00:56,23:56,69.0,69,50.0,57.36,54.0,69.0,12:56,50.0,57.36,54.0,29.0,41.0,69,True,25,False,Fair,FEW
wu_daily_native_v1,2025-05-22,F,25,00:56,23:56,65.0,65,52.0,56.56,48.0,65.0,12:56,52.0,56.56,48.0,31.0,37.0,65,True,25,False,Fair / Windy,FEW
wu_daily_native_v1,2025-05-23,F,35,00:56,23:56,60.0,60,52.0,55.34,48.0,60.0,11:56|14:56|15:20,52.0,55.34,48.0,29.0,39.0,60,True,35,False,Mostly Cloudy,BKN
wu_daily_native_v1,2025-05-24,F,27,00:56,23:56,59.0,59,52.0,54.96,49.0,59.0,12:56|14:56|15:56|16:56,52.0,54.96,49.0,22.0,32.0,59,True,27,False,Mostly Cloudy,BKN
wu_daily_native_v1,2025-05-25,F,28,00:56,23:56,64.0,64,53.0,57.36,52.0,64.0,14:56,53.0,57.36,52.0,23.0,33.0,64,True,28,False,Mostly Cloudy,BKN
wu_daily_native_v1,2025-05-26,F,37,00:56,23:56,64.0,64,54.0,57.81,54.0,64.0,12:56,54.0,57.81,54.0,23.0,32.0,64,True,37,False,Mostly Cloudy,BKN
wu_daily_native_v1,2025-05-27,F,26,00:56,23:56,66.0,66,51.0,57.19,53.0,66.0,12:56|14:56,51.0,57.19,53.0,22.0,29.0,66,True,26,False,Fair,FEW
wu_daily_native_v1,2025-05-28,F,27,00:56,23:56,63.0,63,53.0,56.7,51.0,63.0,15:56,53.0,56.7,51.0,35.0,43.0,63,True,27,False,Mostly Cloudy,BKN
wu_daily_native_v1,2025-05-29,F,31,00:56,23:56,69.0,69,54.0,58.61,54.0,69.0,14:56|15:56,54.0,58.61,54.0,30.0,40.0,69,True,31,False,Mostly Cloudy,FEW
wu_daily_native_v1,2025-05-30,F,28,00:21,23:56,79.0,79,52.0,60.79,58.0,79.0,15:56,52.0,60.79,58.0,23.0,32.0,79,True,28,False,Fair,FEW
wu_daily_native_v1,2025-05-31,F,24,00:56,23:56,73.0,73,54.0,62.71,55.0,73.0,15:56,54.0,62.71,55.0,22.0,22.0,73,True,24,False,Fair,FEW
wu_daily_native_v1,2025-06-01,F,28,00:56,23:56,65.0,65,55.0,58.04,52.0,65.0,12:56,55.0,58.04,52.0,25.0,36.0,65,True,28,False,Fair,FEW
wu_daily_native_v1,2025-06-02,F,29,00:56,23:56,71.0,71,53.0,59.72,54.0,71.0,13:56|14:56|15:56,53.0,59.72,54.0,18.0,21.0,71,True,29,False,Fair,FEW
wu_daily_native_v1,2025-06-03,F,25,00:56,23:56,70.0,70,55.0,60.8,56.0,70.0,13:56|14:56,55.0,60.8,56.0,22.0,31.0,70,True,25,False,Fair,FEW
wu_daily_native_v1,2025-06-04,F,27,00:56,23:56,67.0,67,54.0,59.3,54.0,67.0,13:56,54.0,59.3,54.0,23.0,18.0,67,True,27,False,Fair,FEW
wu_daily_native_v1,2025-06-05,F,26,00:56,23:56,69.0,69,55.0,61.5,53.0,69.0,13:56,55.0,61.5,53.0,15.0,,69,True,26,False,Fair,FEW
wu_daily_native_v1,2025-06-06,F,26,00:56,23:56,69.0,69,57.0,60.88,55.0,69.0,13:56,57.0,60.88,55.0,22.0,17.0,69,True,26,False,Fair,FEW
wu_daily_native_v1,2025-06-07,F,31,00:56,23:56,65.0,65,55.0,58.45,53.0,65.0,13:56|14:56,55.0,58.45,53.0,25.0,33.0,65,True,31,False,Cloudy,FEW
wu_daily_native_v1,2025-06-08,F,30,00:56,23:56,67.0,67,55.0,58.63,54.0,67.0,13:56,55.0,58.63,54.0,23.0,31.0,67,True,30,False,Mostly Cloudy,BKN
wu_daily_native_v1,2025-06-09,F,28,00:56,23:56,63.0,63,54.0,57.93,53.0,63.0,12:56|13:26|13:56,54.0,57.93,53.0,22.0,29.0,63,True,28,False,Mostly Cloudy,BKN
wu_daily_native_v1,2025-06-10,F,29,00:56,23:56,64.0,64,55.0,57.66,53.0,64.0,13:44,55.0,57.66,53.0,22.0,30.0,64,True,29,False,Mostly Cloudy,BKN
wu_daily_native_v1,2025-06-11,F,27,00:56,23:56,61.0,61,54.0,56.81,49.0,61.0,13:34|13:56|14:56|15:39,54.0,56.81,49.0,26.0,35.0,61,True,27,False,Mostly Cloudy,BKN
wu_daily_native_v1,2025-06-12,F,31,00:25,23:56,61.0,61,53.0,56.58,50.0,61.0,14:36|14:56|15:11|15:56,53.0,56.58,50.0,22.0,33.0,61,True,31,False,Mostly Cloudy,BKN
wu_daily_native_v1,2025-06-13,F,28,00:16,23:56,66.0,66,52.0,56.82,50.0,66.0,14:56|16:56,52.0,56.82,50.0,24.0,32.0,66,True,28,False,Cloudy,BKN
wu_daily_native_v1,2025-06-14,F,24,00:56,23:56,64.0,64,52.0,57.75,48.0,64.0,11:56|12:56|14:56|15:56,52.0,57.75,48.0,22.0,30.0,64,True,24,False,Fair,FEW
wu_daily_native_v1,2025-06-15,F,25,00:56,23:56,65.0,65,51.0,56.68,49.0,65.0,12:56,51.0,56.68,49.0,25.0,33.0,65,True,25,False,Fair,FEW
wu_daily_native_v1,2025-06-16,F,28,00:56,23:56,63.0,63,51.0,56.54,49.0,63.0,12:56|14:56|15:56,51.0,56.54,49.0,26.0,36.0,63,True,28,False,Mostly Cloudy,FEW
wu_daily_native_v1,2025-06-17,F,24,00:56,23:56,67.0,67,53.0,59.29,50.0,67.0,14:56,53.0,59.29,50.0,25.0,35.0,67,True,24,False,Fair,CLR
wu_daily_native_v1,2025-06-18,F,24,00:56,23:56,68.0,68,52.0,59.29,52.0,68.0,13:56|14:56|15:56,52.0,59.29,52.0,26.0,37.0,68,True,24,False,Fair,FEW
wu_daily_native_v1,2025-06-19,F,32,00:56,23:56,62.0,62,54.0,57.34,50.0,62.0,12:56,54.0,57.34,50.0,37.0,51.0,62,True,32,False,Fair,FEW
wu_daily_native_v1,2025-06-20,F,26,00:56,23:56,62.0,62,53.0,56.58,49.0,62.0,13:56|14:56|15:56,53.0,56.58,49.0,39.0,53.0,62,True,26,False,Fair / Windy,FEW
wu_daily_native_v1,2025-06-21,F,24,00:56,23:56,67.0,67,52.0,58.79,48.0,67.0,15:56,52.0,58.79,48.0,28.0,35.0,67,True,24,False,Fair,FEW
wu_daily_native_v1,2025-06-22,F,24,00:56,23:56,66.0,66,54.0,58.62,49.0,66.0,11:56,54.0,58.62,49.0,23.0,30.0,66,True,24,False,Fair,FEW
wu_daily_native_v1,2025-06-23,F,26,00:56,23:56,65.0,65,52.0,57.19,52.0,65.0,12:56,52.0,57.19,52.0,28.0,38.0,65,True,26,False,Fair,FEW
wu_daily_native_v1,2025-06-24,F,30,00:56,23:56,64.0,64,54.0,57.8,52.0,64.0,15:13,54.0,57.8,52.0,23.0,32.0,64,True,30,False,Mostly Cloudy,BKN
wu_daily_native_v1,2025-06-25,F,30,00:56,23:56,63.0,63,53.0,57.3,52.0,63.0,13:56|14:56,53.0,57.3,52.0,23.0,32.0,63,True,30,False,Cloudy,OVC
wu_daily_native_v1,2025-06-26,F,34,00:56,23:56,64.0,64,53.0,56.88,52.0,64.0,13:56|15:56,53.0,56.88,52.0,28.0,32.0,64,True,34,False,Mostly Cloudy,BKN
wu_daily_native_v1,2025-06-27,F,24,00:56,23:56,70.0,70,53.0,60.08,54.0,70.0,11:56,53.0,60.08,54.0,26.0,31.0,70,True,24,False,Fair,FEW
wu_daily_native_v1,2025-06-28,F,24,00:56,23:56,76.0,76,54.0,62.0,60.0,76.0,15:56|16:56,54.0,62.0,60.0,17.0,,76,True,24,False,Fair,FEW
wu_daily_native_v1,2025-06-29,F,24,00:56,23:56,69.0,69,52.0,59.25,55.0,69.0,12:56|14:56,52.0,59.25,55.0,21.0,,69,True,24,False,Fair,FEW
wu_daily_native_v1,2025-06-30,F,26,00:56,23:56,66.0,66,53.0,58.54,54.0,66.0,12:56|15:56,53.0,58.54,54.0,22.0,30.0,66,True,26,False,Fair,FEW
wu_daily_native_v1,2026-06-01,F,24,00:56,23:56,70.0,70,53.0,60.33,52.0,70.0,11:56|12:56,53.0,60.33,52.0,23.0,31.0,70,True,24,False,Fair,FEW
wu_daily_native_v1,2026-06-02,F,28,00:56,23:56,66.0,66,53.0,57.82,52.0,66.0,12:56|15:56,53.0,57.82,52.0,23.0,23.0,66,True,28,False,Mostly Cloudy,BKN
